도서관 일련번호,name,구 코드,구명,주소,전화번호,url,운영시간,정기 휴관일,lat,lon,2019_has_cafeteria,2025_has_cafeteria,has_cafe,owned_by,etc
1935,강남구립못골도서관,8,강남구,서울특별시 강남구 자곡로 116,02-459-5522,http://library.gangnam.go.kr/mglib,"평일 : 09:00~22:00, 주말 : 09:00~22:00",매주 화요일 및 법정공휴일,37.47153836,127.096582,No,No,No,자치구,
1066,강남역삼푸른솔도서관,8,강남구,서울특별시 강남구 테헤란로8길 36. 4층,02-2051-1178,https://library.gangnam.go.kr/ysplib/index.do,"평일 : 09:00~18:00, 주말 : 09:00~17:00",매주 화요일 및 법정 공휴일,37.4964968,127.0320274,No,No,No,자치구,
2815,개포하늘꿈도서관,8,강남구,서울특별시 강남구 개포로 110길 54,02-451-1511,https://library.gangnam.go.kr/hnkklib/,"평일 : 09:00~22:00, 주말 : 09:00~17:00",매주 화요일 및 법정공휴일,37.4906692944468,127.080356908422,,No,No,자치구,2023년 개관
48,논현도서관,8,강남구,서울특별시 강남구 학동로43길 17(논현동) 논현2동주민센터 6층,02-3443-7650,https://library.gangnam.go.kr/nhlib,"평일 : 09:00~22:00, 주말 : 09:00~17:00",매주 화요일 및 법정공휴일,37.5172779092976,127.037187913597,No,No,No,자치구,
2843,논현문화마루도서관,8,강남구,"서울특별시 강남구 논현로131길 40, 4~5층",02-512-8580,https://library.gangnam.go.kr/nmmlib,"평일 : 09:00~18:00, 주말 : 09:00~17:00",매주 월요일 및 법정공휴일,37.51384422,127.02710693,,No,No,자치구,2024년 개관
49,대치도서관,8,강남구,서울특별시 강남구 삼성로 212 은마아파트 복지상가 2층 215호,02-565-6666,https://library.gangnam.go.kr/dchlib/index.do,평일 : 09:00~21:00. 주말 : 09:00~17:00,매주 화요일 및 법정공휴일,37.4996157705058,127.065915414443,No,No,No,자치구,
1402,도곡정보문화도서관,8,강남구,서울특별시 강남구 도곡로18길 57,1644-3227,https://library.gangnam.go.kr/dogoklib,"평일 : 09:00~22:00, 주말 : 09:00~17:00",매주 월요일 및 법정공휴일,37.4883101,127.0388803,Yes,No,No,자치구,
2133,못골한옥어린이도서관,8,강남구,서울특별시 강남구 자곡로7길 3?,02-2226-5930,https://library.gangnam.go.kr/hchildlib/index.do,"평일 : 09:00~18:00, 주말 : 09:00~17:00",매주 월요일 및 법정공휴일,37.4733061524019,127.099727862691,No,No,No,자치구,
21,서울특별시교육청강남도서관,8,강남구,서울특별시 강남구 선릉로116길 45,02-3448-4741~5,https://gnlib.sen.go.kr,"평일 : 09:00~20:00, 주말 : 09:00~17:00","1,3주 수요일 및 법정공휴일",37.51368143,127.0468374,No,No,No,교육청,
22,서울특별시교육청개포도서관,8,강남구,서울특별시 강남구 선릉로4길 30,02-3460-8200,https://gplib.sen.go.kr,"평일 : 09:00~20:00, 주말 : 09:00~17:00","2,4주 목요일 및 법정공휴일",37.48308019,127.063867,Yes,No,No,교육청,
81,역삼도서관,8,강남구,"서울특별시 강남구 역삼로7길 16, 5층",02-508-1139,http://library.gangnam.go.kr/yslib,"평일 : 09:00~22:00, 주말 : 09:00~17:00",매주 월요일 및 법정 공휴일,37.4953732068069,127.033283840382,No,No,No,자치구,
2717,열린도서관,8,강남구,서울특별시 강남구 일원로 115 삼성생명빌딩 B동 203호,02-3412-3970,https://library.gangnam.go.kr/yllib/,"평일 : 09:00~22:00, 주말 : 09:00~17:00",매주 월요일 및 법정공휴일,37.4840224010593,127.084459720088,,No,No,자치구,2019년 재개관
2760,일원라온영어도서관,8,강남구,서울특별시 강남구 영동대로 22 B1(일원동 743),02-6712-0595,https://library.gangnam.go.kr/englib/index.do,"평일 : 09:00~18:00, 주말 : 09:00~17:00",매주 월요일 및 법정공휴일,37.4910941147932,127.074163955752,,No,No,자치구,2022년 개관
52,정다운도서관,8,강남구,서울특별시 강남구 학동로67길 11 3층,02-512-9326,https://library.gangnam.go.kr/jdwlib,"평일 : 09:00~22:00, 주말 : 09:00~17:00",매주 화요일 및 법정공휴일,37.5190987146919,127.046440886765,No,No,No,자치구,
51,즐거운도서관,8,강남구,서울특별시 강남구 도곡로77길 23 4층,02-565-7533,https://library.gangnam.go.kr/jgwlib/,평일 : 09:00~22:00. 주말 : 09:00~17:00,매주 월요일 및 법정공휴일,37.499729738243,127.05784954077,No,No,No,자치구,
47,청담도서관,8,강남구,서울특별시 강남구 압구정로79길 26 청담주민센터 7층,02-540-7042,https://library.gangnam.go.kr/cdlib,"평일 : 09:00~22:00, 주말 : 09:00~17:00",매주 월요일 및 법정공휴일,37.52509298,127.0492914,No,No,No,자치구,
53,행복한도서관,8,강남구,서울특별시 강남구 영동대로65길 24(대치2문화센터 3층),02-567-3833,http://library.gangnam.go.kr/happylib,"평일 : 09:00~22:00, 주말 : 09:00~17:00",매주 화요일 및 법정공휴일,37.50230515,127.0641886,No,No,No,자치구,
105,강동구립강일도서관,10,강동구,서울특별시 강동구 아리수로 93길 9-14,02-427-4004,http://www.gdlibrary.or.kr,"평일 : 09:00~22:00, 주말 : 09:00~17:00",매주 화요일 및 법정 공휴일,37.56504077,127.1739073,No,No,No,자치구,
2757,강동구립도서관,10,강동구,서울특별시 강동구 동남로 870(상일동) 강동문화재단,02-2045-7915,https://www.gdlibrary.or.kr/,,,37.5512204558342,127.157342546961,,No,No,자치구,
2699,강동구립둔촌도서관,10,강동구,서울특별시 강동구 동남로49길 21-8,02-489-6557,http://www.gdlibrary.or.kr,"평일 : 09:00~18:00, 주말 : 09:00~17:00",매주 화요일 및 법정 공휴일,37.5317867939007,127.148160430097,,No,No,자치구,2020년 개관
63,강동구립성내도서관,10,강동구,서울특별시 강동구 성안로 106-1,02-471-0044,http://www.gdlibrary.or.kr,"평일 : 09:00~20:00, 주말 : 09:00~17:00",매주 월요일 및 법정 공휴일,37.5328454696729,127.133342998226,No,No,No,자치구,
1067,강동구립암사도서관,10,강동구,서울특별시 고덕로 20길 42 (암사동 471-37),02-429-0476,http://www.gdlibrary.or.kr,"평일 : 09:00~22:00, 주말 : 09:00~17:00",매주 월요일 및 법정 공휴일,37.5528330245657,127.133365473246,No,No,No,자치구,
1971,강동구립천호도서관,10,강동구,서울특별시 강동구 성안로 31마길 1(천호3동 제2공영주차장 지상 2층),02-488-7223,http://www.gdlibrary.or.kr,"평일 : 09:00~18:00, 주말 : 09:00~17:00",매주 월요일 및 법정 공휴일,37.5405232247297,127.134081513483,No,No,No,자치구,
96,강동구립해공도서관,10,강동구,서울특별시 강동구 올림픽로 702,02-478-9656,http://www.gdlibrary.or.kr,"평일 : 09:00~22:00, 주말 : 09:00~17:00",매주 화요일 및 법정 공휴일,37.5439476727563,127.125538378702,No,No,No,자치구,
78,명성교회도서관,10,강동구,서울특별시 강동구 상암로51길 8,02-440-9140,http://www.mslib.or.kr,"평일 : 10:00~18:00, 주말 : 10:00~17:30",매주 월요일,37.5469077327424,127.146275226611,No,No,No,사립,
24,서울특별시교육청강동도서관,10,강동구,서울특별시 강동구 양재대로116길 57,02-2225-9800~3,http://gdlib.sen.go.kr,"평일 : 09:00~20:00, 주말 : 09:00~17:00","1,3주 목요일 및 법정공휴일",37.53815107,127.1434874,No,No,No,교육청,
25,서울특별시교육청고덕평생학습관,10,강동구,서울특별시 강동구 고덕로 295 (고덕2동 296),02-6902-2600,http://gdllc.sen.go.kr,"평일 : 09:00~20:00, 주말 : 09:00~17:00","2,4주 월요일 및 법정공휴일",37.5561204084687,127.158039363963,Yes,No,No,교육청,
32,강북문화정보도서관,21,강북구,서울특별시 강북구 오현로 145,02-944-3100,https://www.gblib.or.kr/gangbuk/,"평일 : 07:00~22:00, 주말 : 07:00~22:00",매월 둘째/넷째 월요일 및 법정공휴일,37.6251151,127.0360795,Yes,No,No,자치구,
33,강북청소년문화정보도서관,21,강북구,서울특별시 강북구 삼양로54길 68,02-944-3140,https://www.gblib.or.kr/youth/,"평일 : 07:00~22:00, 주말 : 07:00~22:00",매월 둘째/넷째 월요일 및 법정공휴일,37.62307414,127.0215511,No,No,No,자치구,
1378,미아문화정보도서관,21,강북구,서울특별시 강북구 솔매로49길 14,02-944-3180,https://www.gblib.or.kr/mia/,"평일 : 07:00~22:00, 주말 : 07:00~22:00",매월 둘째/넷째 월요일 및 법정공휴일,37.62709228,127.0269757,Yes,No,No,자치구,
2134,삼각산어린이도서관,21,강북구,서울특별시 강북구 삼양로19길 34,02-944-3190,https://www.gblib.or.kr/kids/,"평일 : 09:00~18:00, 주말 : 09:00~17:00",매월 둘째/넷째 월요일 및 법정공휴일,37.6151482159574,127.020742108822,No,No,No,자치구,
34,솔샘문화정보도서관,21,강북구,서울특별시 강북구 솔샘로 177,02-944-3150,https://www.gblib.or.kr/solsem/,"평일 : 07:00~22:00, 주말 : 07:00~22:00",매월 첫째/셋째 월요일 및 법정공휴일,37.6204776505226,127.012402476037,No,No,No,자치구,
170,송중문화정보도서관,21,강북구,서울특별시 강북구 도봉로20나길 6,02-944-3160,https://www.gblib.or.kr/songjung/,"평일 : 07:00~22:00, 주말 : 07:00~22:00",매월 첫째/셋째 월요일 및 법정공휴일,37.6183131249716,127.029937564663,No,No,No,자치구,
176,수유문화정보도서관,21,강북구,서울특별시 강북구 삼양로 299,02-944-3170,https://www.gblib.or.kr/suyu/,"평일 : 07:00~22:00, 주말 : 07:00~22:00",매월 첫째/셋째 월요일 및 법정공휴일,37.63005160395,127.017559390621,No,No,No,자치구,
1838,가양도서관,1,강서구,서울특별시 강서구 양천로61길101(가양동 1493),02-3665-8797,http://lib.gangseo.seoul.kr,"평일 및 토요일 : 09:00~22:00, 일요일 : 09:00~18:00",매주 월요일 및 법정 공휴일,37.55994851,126.8655346,No,No,No,자치구,
1398,강서영어도서관,1,강서구,서울특별시 강서구 곰달래로57가길 26,02-2061-2270,http://lib.gangseo.seoul.kr,"평일 및 토요일 : 09:00~22:00, 일요일 : 09:00~18:00",매주 월요일 및 법정 공휴일,37.53468572,126.8608018,No,No,No,자치구,
1377,곰달래도서관,1,강서구,"서울특별시 강서구 강서로5길 50 (곰달래문화복지센터 5, 6층)",02-2065-3785,http://lib.gangseo.seoul.kr,"평일 및 토요일 : 09:00~22:00, 일요일 : 09:00~18:00",매주 월요일 및 법정 공휴일,37.52905938,126.8488976,No,No,No,자치구,
60,길꽃어린이도서관,1,강서구,서울특별시 강서구 금낭화로24길 5,02-2663-4764,http://lib.gangseo.seoul.kr,"평일 및 토요일 : 09:00~22:00, 일요일 : 09:00~18:00",매주 월요일 및 법정 공휴일,37.57871971,126.8136582,No,No,No,자치구,
94,꿈꾸는어린이도서관,1,강서구,서울특별시 강서구 공항대로 615,02-3663-4025,http://lib.gangseo.seoul.kr,"평일 및 토요일 : 09:00~22:00, 일요일 : 09:00~18:00",매주 월요일 및 법정 공휴일,37.54733669,126.8733189,No,No,No,자치구,
1395,등빛도서관,1,강서구,서울특별시 강서구 강서로62길 48,02-3664-6990,http://lib.gangseo.seoul.kr/,"평일 및 토요일 : 09:00~22:00, 일요일 : 09:00~18:00",매주 월요일 및 법정 공휴일,37.56245409,126.8423739,No,No,No,자치구,
16,서울특별시교육청강서도서관,1,강서구,서울특별시 강서구 등촌로51나길 29,02-3219-7000,http://gslib.sen.go.kr,"평일 : 09:00~20:00, 주말 : 09:00~17:00","1,3주 금요일 및 법정공휴일",37.5479003,126.8599262,Yes,No,No,교육청,
1394,우장산숲속도서관,1,강서구,서울특별시 강서구 우현로 34,02-2696-6689,http://lib.gangseo.seoul.kr,"평일 및 토요일 : 09:00~22:00, 일요일 : 09:00~18:00",매주 월요일 및 법정 공휴일,37.54828757,126.8418355,No,No,No,자치구,
93,푸른들청소년도서관,1,강서구,서울특별시 강서구 강서로45다길 71,02-2691-1630,http://lib.gangseo.seoul.kr,"평일 및 토요일 : 09:00~22:00, 일요일 : 09:00~18:00",매주 월요일 및 법정 공휴일,37.54467538,126.835182,No,No,No,자치구,
43,관악중앙도서관,5,관악구,서울특별시 관악구 신림로 3길 35,02-828-5700,http://lib.gwanak.go.kr,"평일 : 07:00~23:00, 주말 : 07:00~22:00",매주 월요일 및 법정 공휴일,37.46759816,126.9448714,Yes,No,Yes,자치구,
44,글빛정보도서관,5,관악구,서울특별시 관악구 관악로 30길 23,02-878-7460,http://lib.gwanak.go.kr,"평일 : 09:00~22:00, 주말 : 09:00~22:00",매주 월요일 및 법정 공휴일,37.4862426,126.9596701,No,No,No,자치구,
45,성현동작은도서관,5,관악구,서울특별시 관악구 관악로37길 56 동아아파트 상가B동 5층,02-877-7182-3,http://lib.gwanak.go.kr,"평일 : 09:00~19:00, 주말 : 09:00~17:00",매주 월요일 및 법정 공휴일,37.48731057,126.956182,No,No,No,자치구,
1068,은천동작은도서관,5,관악구,서울특별시 관악구 봉천로33나길 30,02-877-1162-4,http://lib.gwanak.go.kr,"평일 : 09:00~20:00, 주말 : 09:00~17:00",매주 월요일 및 법정 공휴일,37.48530503,126.9424097,No,No,No,자치구,
1069,조원도서관,5,관악구,서울특별시 관악구 조원로12길 25,02-851-5571,http://lib.gwanak.go.kr,"평일 : 09:00~20:00, 주말 : 09:00~17:00",매주 월요일 및 법정 공휴일,37.48256322,126.9077952,No,No,No,자치구,
2842,광진어린이영어도서관,24,광진구,서울특별시 광진구 천호대로136길 55 (구의동),02-2049-2950,http://www.gwangjinlib.seoul.kr/,"평일 : 09:00~18:00, 주말 : 09:00~18:00",매월첫째/셋째 화요일 및 법정/임시공휴일,37.54716140,127.08992890,,No,No,자치구,2024년 개관
27,광진정보도서관,24,광진구,서울특별시 광진구 아차산로78길 90(광장동),02-3437-5092~5 ?,http://www.gwangjinlib.seoul.kr/,"평일 : 09:00~22:00, 주말 : 09:00~18:00",매월둘째/넷째화요일 및 법정/임시공휴일,37.5510729137918,127.110615495296,Yes,No,No,자치구,
1397,구의제3동도서관,24,광진구,서울특별시 광진구 강변역로 17(구의동),02-454-6294,http://www.gwangjinlib.seoul.kr/,"평일 : 09:00~20:00, 주말 : 09:00~18:00",매월둘째/넷째월요일 및 법정/임시공휴일,37.53799119,127.0919832,No,No,No,자치구,
2755,군자동도서관,24,광진구,서울특별시 광진구 면목로 13 군자동복합청사 1층,02-2049-2960,http://www.gwangjinlib.seoul.kr/,"평일 : 09:00~20:00, 주말 : 09:00~18:00",매월첫째/셋째화요일 및 법정/임시공휴일,37.5554852103262,127.075349383615,,No,No,자치구,2022년 개관
2759,아차산숲속도서관,24,광진구,서울특별시 광진구 영화사로 139,,http://www.gwangjinlib.seoul.kr/,"평일 : 09:00~18:00, 주말 : 09:00~18:00","매주 화요일, 법정 공휴일, 임시 공휴일",37.5524739995365,127.100815788808,,No,Yes,자치구,2022년 개관 / 무인 커피머신
97,자양제4동도서관,24,광진구,서울특별시 광진구 뚝섬로26길 58 (자양동),02-465-0737-8,http://www.gwangjinlib.seoul.kr/,"평일 : 09:00~20:00, 주말 : 09:00~18:00",매월첫째/셋째화요일 및 법정/임시공휴일,37.5341003,127.0662596,No,No,No,자치구,
2177,자양한강도서관,24,광진구,서울특별시 광진구 뚝섬로52길 66(자양동),02-456-0048,http://www.gwangjinlib.seoul.kr/,"평일 : 09:00~20:00, 주말 : 09:00~18:00",매월둘째/넷째월요일 및 법정/임시공휴일,37.5292155199266,127.077667985801,,No,Yes,자치구,2020년 개관
99,중곡문화체육센터도서관,24,광진구,서울 광진구 능동로 433,02-3408-4960,http://www.gwangjinlib.seoul.kr/,"평일 : 09:00~22:00, 주말 : 09:00~18:00",매월첫째/셋째월요일 및 법정/임시공휴일,37.5677792027828,127.08480243017,No,No,No,자치구,
883,개봉도서관,25,구로구,서울특별시 구로구 개봉로16길 30-11,02-2689-1695,http://lib.guro.go.kr,"평일 : 09:00~22:00, 주말 : 09:00~22:00",매주 화요일 및 법정 공휴일,37.49008228,126.8584998,No,No,No,자치구,
2816,고척열린도서관,25,구로구,서울 구로구 경인로43길 49,02-2615-2006,http://lib.guro.go.kr,"평일 : 09:00~20:00, 주말 : 09:00~17:00",매주 월요일 및 법정 공휴일,37.4990691887707,126.857532971967,,No,No,자치구,2023년 개관
880,구로구립온누리도서관,25,구로구,"서울특별시 구로구 구로중앙로27나길 9, 4층 (구로초등학교 온누리관)",02-858-9080,http://lib.guro.go.kr,"평일 : 09:00~22:00, 주말 : 09:00~22:00",매주 화요일 및 법정 공휴일,37.49751199,126.8854812,No,No,No,자치구,
2135,구로기적의도서관,25,구로구,서울특별시 구로구 구로중앙로40길 24(신도림동),02-2632-8878,http://lib.guro.go.kr,"평일 : 10:00~20:00, 주말 : 10:00~17:00",매주 월요일 및 법정 공휴일,37.50673545,126.877376,No,No,No,자치구,
41,구로꿈나무도서관,25,구로구,"서울특별시 구로구 구로동로26길 54, 2층 (구로구시설관리공단)",02-830-1623,http://lib.guro.go.kr,"평일 : 10:00~19:00, 주말 : 10:00~17:00",매주 화요일 및 법정 공휴일,37.50622215,126.8920012,No,No,No,자치구,
2876,구로미래도서관,25,구로구,서울 구로구 새말로 111,02-854-7466,http://lib.guro.go.kr,"평일 : 09:00 ~ 20:00, 주말 : 09:00 ~ 17:00",매주 화요일 및 법정 공휴일,37.50705341,126.89141811,,No,No,자치구,2024년 개관
2136,궁동어린이도서관,25,구로구,서울특별시 구로구 오리로 1352,02-2060-8229,http://lib.guro.go.kr,"평일 : 10:00~19:00, 주말 : 10:00~17:00",매주 화요일 및 법정 공휴일,37.50531416,126.8928724,No,No,No,자치구,
884,글마루한옥어린이도서관,25,구로구,서울특별시 구로구 고척로27바길 7,02-2615-8200,http://lib.guro.go.kr,"평일 : 10:00~19:00, 주말 : 10:00~17:00",매주 화요일 및 법정 공휴일,37.50692111,126.8456405,No,No,No,자치구,
61,꿈마을도서관,25,구로구,서울특별시 구로구 디지털로27다길 65,02-830-5807,http://lib.guro.go.kr,"평일 : 09:00~22:00, 주말 : 09:00~22:00",매주 월요일 및 법정 공휴일,37.48714477,126.8901557,No,No,No,자치구,
17,서울특별시교육청고척도서관,25,구로구,서울특별시 구로구 고척로45길 31,02-2615-0524,http://gclib.sen.go.kr,"평일 : 09:00~20:00, 주말 : 09:00~17:00","2,4주 수요일 및 법정공휴일",37.50534626,126.8530515,Yes,No,No,교육청,
18,서울특별시교육청구로도서관,25,구로구,서울특별시 구로구 공원로 15,02-6958-2800,http://grlib.sen.go.kr,"평일 : 09:00~20:00, 주말 : 09:00~17:00","1,3주 수요일 및 법정공휴일",37.49867236,126.8911162,No,No,No,교육청,
881,하늘도서관,25,구로구,서울특별시 구로구 구로동로13길 68,02-864-9585(6),http://lib.guro.go.kr,"평일 : 09:00~22:00, 주말 : 09:00~22:00",매주 화요일 및 법정 공휴일,37.50531416,126.8928724,No,No,No,자치구,
2811,항동푸른도서관,25,구로구,서울특별시 구로구 연동로 290-46 (항동),02-2613-2022,http://lib.guro.go.kr,"평일 : 09:00~21:00, 주말 : 09:00~17:00",매주 월요일 및 법정 공휴일,37.4847517655523,126.82471761839,,No,No,자치구,2022년 개관
,개봉어린이도서관(25년 기준 폐관),,,,,,,,37.4967434380477,126.855911233492,No,,,자치구,
62,금천구립가산도서관,6,금천구,서울특별시 금천구 가산로5길 43,02-865-6817~9,http://geumcheonlib.seoul.kr,"평일 : 07:00~22:00, 주말 : 07:00~22:00","매월 두번째, 네번째 월요일 및 법정 공휴일",37.47349155,126.8921299,No,No,No,자치구,
101,금천구립금나래도서관,6,금천구,서울특별시 금천구 시흥대로73길 70,02-2627-2991,http://geumcheonlib.seoul.kr,"평일 : 09:00~22:00, 주말 : 09:00~22:00",매월 마지막주 일요일 및 법정 공휴일,37.45690514,126.8953686,No,No,No,자치구,
42,금천구립독산도서관,6,금천구,서울특별시 금천구 독산로54길 114,02-863-9544,http://geumcheonlib.seoul.kr,"평일 : 07:00~22:00, 주말 : 07:00~22:00","매월 첫번째,세번째 월요일 및 법정 공휴일",37.4675797,126.908105,No,No,Yes,자치구,2020년 재개관
1379,금천구립시흥도서관,6,금천구,서울특별시 금천구 금하로 764(시흥동) 금천종합복지타운(시흥2동주민센터),02-809-8242,http://geumcheonlib.seoul.kr,"평일 : 07:00~22:00, 주말 : 07:00~22:00","매월 첫번째,세번째 금요일 및 법정 공휴일",37.4496304162832,126.91461133809,No,No,No,자치구,
,공릉행복도서관(공릉행복발전소),,노원구,서울특별시 노원구 동일로179길 22 (공릉동),,https://www.nowonlib.kr/,,,37.622332,127.072753,No,,,자치구,2025년 기준 공공도서관 아님
36,노원어린이도서관,22,노원구,서울특별시 노원구 한글비석로 346,02-933-7145,http://www.nowonlib.kr,"평일 : 09:00~18:00, 주말 : 09:00~17:00","매달 둘째, 넷째 월요일 및 법정공휴일",37.65795038,127.07638,No,No,No,자치구,
37,노원중앙도서관,22,노원구,서울특별시 노원구 노원로34길 43,02-950-0050,http://www.nowonlib.kr,"평일 : 09:00~20:00, 주말 : 09:00~17:00","매월 첫째,셋째 월요일 및 법정 공휴일",37.66109973,127.0650094,No,No,No,자치구,
2877,노원휴먼라이브러리,22,노원구,서울특별시 노원구 노원로34길 43 지하1층,02-950-0041,https://www.nowonlib.kr/human,화~토요일 09:00~17:00,매주 일요일,37.66109973,127.0650094,,,,자치구,공공도서관 아님
2132,불암도서관,22,노원구,서울특별시 노원구 중계로 106,02-935-0721,http://www.nowonlib.kr,"평일 : 09:00~20:00, 주말 : 09:00~17:00","매월 첫째,셋째 월요일 및 법정 공휴일",37.64528936,127.0825433,No,No,No,자치구,
877,상계도서관,22,노원구,서울특별시 노원구 동일로243길 57,02-3391-7882,http://www.nowonlib.kr,"평일 : 09:00~20:00, 주말 : 09:00~17:00","매달 둘째, 넷째 월요일 및 법정공휴일",37.67852767,127.0519406,No,No,No,자치구,
11,서울특별시교육청노원평생학습관,22,노원구,서울특별시 노원구 동일로204길 13,02-979-1741,http://nwllc.sen.go.kr,"평일 : 09:00~20:00, 주말 : 09:00~17:00","2,4주 월요일 및 법정공휴일",37.63953995,127.067837,Yes,No,No,교육청,
79,월계도서관,22,노원구,서울특별시 노원구 월계로 319,02-991-0871,http://www.nowonlib.kr,"평일 : 09:00~20:00, 주말 : 09:00~17:00 *리모델링 중(2023.05~2024.06)","매월 첫째, 셋째 월요일 및 법정공휴일",37.62863532,127.0561218,No,No,No,자치구,
2137,월계어린이도서관,22,노원구,서울특별시 월계로 42길 9 월계문화복지센터,070-4238-5148,http://www.nowonlib.kr/,"평일 : 09:00~20:00, 주말 : 09:00~17:00","매달 둘째, 넷째 월요일 및 법정공휴일",37.62426736,127.0507933,No,No,No,자치구,
2770,하계어린이도서관,22,노원구,서울특별시 노원구 공릉로62길 18(하계어울림센터),02-979-7644,http://www.nowonlib.kr/,"평일 : 09:00~18:00, 토 : 09:00~17:00","매주 일요일, 법정공휴일",37.6361041371415,127.072424081321,,No,No,자치구,2021년 개관
,한내지혜의숲도서관,,노원구,서울특별시 노원구 마들로 86 (월계동),,,,,37.6235895372548,127.068799548743,No,,,자치구,2025년 기준 공공도서관 아님
,향기나무도서관,,노원구,"서울특별시 노원구 노원로 331 (중계동, 시영3단지목련아파트)",,,,,37.6461706893207,127.069521539074,No,,,자치구,2025년 기준 공공도서관 아님
1070,화랑도서관,22,노원구,서울특별시 노원구 노원로1나길 10,02-973-1318,http://www.gycenter.or.kr/,"평일 : 09:00~22:00, 토 : 09:00~18:00, 일 : 09:00~17:00","매주 월요일, 법정공휴일",37.62151605,127.0830474,No,No,No,자치구,
2765,김근태기념도서관 ,23,도봉구,서울특별시 도봉구 도봉산길 14,02-956-3100,"http://www.unilib.dobong.kr/, www.geuntae.co.kr ","평일 : 09:00~20:00, 주말 : 09:00~17:00",매주월요일및법정공휴일,37.6876674374375,127.044019937677,,No,No,자치구,2021년 개관
1840,도봉기적의도서관,23,도봉구,서울특별시 도봉구 마들로 797,02-3493-7171,http://www.unilib.dobong.kr/,"평일 : 09:00~20:00, 주말 : 09:00~17:00",매주화요일및법정공휴일,37.68080449,127.0501336,No,No,No,자치구,
35,도봉문화정보도서관,23,도봉구,서울특별시 도봉구 덕릉로 315,02-900-1835,http://www.unilib.dobong.kr/,"평일 : 09:00~22:00, 주말 : 09:00~17:00",매주화요일및법정공휴일,37.64477544,127.0438644,Yes,No,No,자치구,
95,도봉아이나라도서관,23,도봉구,서울특별시 도봉구 노해로 69길 151,02-995-4171~2,http://www.unilib.dobong.kr/,"평일 : 09:00~20:00, 주말 : 09:00~17:00",매주화요일및법정공휴일,37.65904725,127.0495075,No,No,No,자치구,
1839,둘리도서관,23,도봉구,서울특별시 도봉구 시루봉로1길 6,02-990-2200,http://www.unilib.dobong.kr/,"평일 : 10:00~18:00, 주말 : 10:00~18:00",매주월요일및법정공휴일,37.65243153,127.0276397,No,No,No,자치구,
10,서울특별시교육청도봉도서관,23,도봉구,서울특별시 도봉구 삼양로 556,02-6714-7400,http://dblib.sen.go.kr/,"평일 : 09:00~20:00, 주말 : 09:00~17:00","2,4주 수요일 및 법정공휴일",37.65253218,127.0127628,No,No,No,교육청,
2174,쌍문채움도서관,23,도봉구,서울특별시 도봉구 우이천로 340,02-998-0910,http://www.unilib.dobong.kr/,"평일 : 09:00~20:00, 주말 : 09:00~17:00",매주월요일및법정공휴일,37.6441856,127.0294746,No,No,No,자치구,
2809,원당마을한옥도서관,23,도봉구,서울특별시 도봉구 해등로32가길 17 (방학동),02-906-2022,http://www.unilib.dobong.kr/,"평일 : 09:00~20:00(동절기 11/1~2/28, 09:00~18:00), 주말 : 09:00~17:00",매주화요일및법정공휴일,37.6602917907669,127.021798339761,,No,No,자치구,2022년 개관
103,학마을도서관,23,도봉구,서울특별시 도봉구 시루봉로 128,02-955-0655,http://www.unilib.dobong.kr/,"평일 : 09:00~22:00, 주말 : 09:00~17:00",매주월요일및법정공휴일,37.6621577,127.0278303,No,No,No,자치구,
1389,동대문구답십리도서관,18,동대문구,서울특별시 동대문구 서울시립대로4길 75,02-982-1959,http://www.l4d.or.kr,"평일 : 09:00~22:00, 주말 : 09:00~18:00",매주 금요일 및 법정 공휴일(일요일 제외),37.57319319,127.0503606,No,No,No,자치구,
58,동대문구정보화도서관,18,동대문구,서울특별시 동대문구 회기로10길 60,02-960-1959,http://www.l4d.or.kr,"평일 : 09:00~22:00, 주말 : 09:00~18:00",매주 월요일 및 법정 공휴일(일요일 제외),37.58996904,127.0472892,Yes,Yes,No,자치구,
2700,동대문책마당도서관,18,동대문구,서울특별시 동대문구 천호대로 145,02-2127-4116,http://www.l4d.or.kr,평일 : 09:00~18:00,법정공휴일,37.5743917161622,127.039896580148,,No,Yes,자치구,2020년 개관
2474,배봉산 숲속도서관,18,동대문구,서울특별시 동대문구 전농로16길 97,02-2212-8502,http://www.l4d.or.kr,"평일 : 09:00~22:00, 주말 : 09:00~18:00",매주 월요일 및 법정 공휴일(일요일 제외),37.5784361,127.0605702,No,No,No,자치구,
9,서울특별시교육청동대문도서관,18,동대문구,서울특별시 동대문구 천호대로4길 22,02-2170-1000,http://ddmlib.sen.go.kr,"평일 : 09:00~20:00, 주말 : 09:00~17:00","2,4주 수요일 및 법정공휴일",37.57348736,127.0247655,Yes,No,No,교육청,
878,용두어린이영어도서관,18,동대문구,서울특별시 동대문구 무학로 133 용두어린이 영어도서관,02-921-1959,http://www.l4d.or.kr,"평일 : 10:00~18:00, 주말 : 10:00~18:00",매주 금요일 및 법정 공휴일(일요일 제외),37.5761082561519,127.030319027076,,No,No,자치구,
879,장안어린이도서관,18,동대문구,서울특별시 동대문구 장한로26다길 10 (장안동),02-2249-1959,http://www.l4d.or.kr,"평일 : 10:00~18:00, 주말 : 10:00~18:00",매주 금요일 및 법정 공휴일(일요일 제외),37.571244986067,127.073201039917,,No,No,자치구,
2844,제기동감초마을현진건기념도서관,18,동대문구,서울특별시 동대문구 약령시로9길 45,02-928-3141,http://www.l4d.or.kr,"평일 : 09:00~18:00, 주말 : 09:00~18:00",매주 금요일 및 법정 공휴일(일요일 제외),37.58509082,127.03511746,,No,No,자치구,2024년 개관
1406,휘경어린이도서관,18,동대문구,서울특별시 동대문구 망우로18가길 38,02-2248-1959,http://www.l4d.or.kr/,"평일 : 09:00~18:00, 주말 : 09:00~18:00","매주 월요일, 법정 공휴일",37.58868538,127.0606088,No,No,No,자치구,
2812,휘경행복도서관,18,동대문구,서울특별시 동대문구 장안벚꽃로 323 (휘경동),02-2249-9701,http://www.l4d.or.kr,"평일 : 09:00~22:00, 주말 : 09:00~18:00",매주 금요일 및 법정 공휴일(일요일 제외),37.5871742821863,127.069938991404,,No,No,자치구,2022년 개관
2701,구립김영삼도서관,4,동작구,서울특별시 동작구 매봉로 1(상도1동 611),02-827-0557,http://lib.dongjak.go.kr,"평일 : 09:00~22:00, 주말 : 09:00~17:00","매주 월요일, 법정공휴일",37.5054736143919,126.949967197122,,No,Yes,자치구,2020년 개관
2863,그리심 작은도서관,4,동작구,서울특별시 동작구 사당로259,,http://lib.dongjak.go.kr/,"평일 : 월,금,일 : 13:00~17:00","화요일, 수요일, 목요일, 토요일",37.48375136,126.97638352,,,,사립,공공도서관 아님
2766,까망돌도서관,4,동작구,서울특별시 동작구 서달로 129(흑석동 340-1),02-815-3701,http://lib.dongjak.go.kr,"평일 : 09:00~18:00, 주말 : 09:00?17:00","매주 월요일, 법정공휴일",37.5051202142839,126.960611023195,,No,Yes,자치구,2021년 개관
1380,대방어린이도서관,4,동작구,서울특별시 동작구 대방동길55(대방동379-2),02-813-6740,http://lib.dongjak.go.kr,"평일 : 09:00~18:00, 주말 : 09:00~17:00","매주 월요일, 법정공휴일",37.51310982,126.9311477,No,No,No,자치구,
84,동작영어마루도서관,4,동작구,서울특별시 동작구 장승배기로 16길 98(노량진 2동 225-161),02-823-6750,http://lib.dongjak.go.kr,"평일 : 09:00~18:00, 주말 : 09:00~17:00","매주 월요일, 법정공휴일",37.50919685,126.9434278,No,No,No,자치구,
1381,사당솔밭도서관,4,동작구,서울특별시 동작구 솔밭로 86,02-585-8411-2,http://lib.dongjak.go.kr,"평일 : 09:00~22:00, 주말 : 09:00~17:00","매주 월요일, 법정공휴일",37.48408051,126.9673502,No,No,No,자치구,
20,서울특별시교육청동작도서관,4,동작구,서울특별시 동작구 장승배기로 94,02-823-6419,http://djlib.sen.go.kr,"평일 : 09:00~20:00, 주말 : 09:00~17:00","2,4주 금요일 및 법정공휴일",37.50596898,126.9401028,Yes,No,No,교육청,
2817,신대방누리도서관,4,동작구,서울특별시 동작구 신대방1다길 19(신대방동 686-78),02-849-8588,http://lib.dongjak.go.kr,"평일 : 09:00~18:00, 주말 : 09:00?17:00","매주 월요일, 법정공휴일",37.4860651685197,126.905885428932,,No,No,자치구,2023년 개관
2140,약수도서관,4,동작구,서울특별시 동작구 양녕로22바길 64(상도동),02-823-1907,http://lib.dongjak.go.kr,"평일 : 09:00~18:00, 주말 : 09:00?17:00","매주 월요일, 법정공휴일",37.4978869,126.9474565,No,No,No,자치구,
,동작상도국주도서관(25년 기준 폐관),,,,,,,,37.5068921043455,126.950915951198,No,,,자치구,
90,마포구립서강도서관,11,마포구,서울특별시 마포구 독막로 165,02-3141-7053,https://mplib.mapo.go.kr/sglib/index.do,"평일 : 09:00~22:00, 주말 : 09:00~20:00",매주 화요일 및 법정공휴일,37.54773525,126.9320621,No,No,No,자치구,
1927,마포중앙도서관,11,마포구,서울특별시 마포구 성산로 128(성산동),02-3153-5800,https://mplib.mapo.go.kr/mcl/index.do,"평일 : 09:00~22:00, 주말 : 09:00~20:00",매주월요일및법정공휴일,37.56379606,126.9082023,Yes,Yes,Yes,자치구,
1882,마포푸르메어린이도서관,11,마포구,서울특별시 마포구 월드컵북로 494 푸르메재단 넥슨어린이재활병원 1층,02-6070-9286,https://mplib.mapo.go.kr/purme/index.do,"평일 : 09:00~18:00, 주말 : 토요일:10:00~16:00",매주 일요일 및 법정공휴일,37.58464747,126.8805204,No,No,No,자치구,
13,서울특별시교육청마포평생학습관,11,마포구,서울특별시 마포구 홍익로2길 16,02-2137-0000,http://mpllc.sen.go.kr,"평일 : 09:00~20:00, 주말 : 09:00~17:00","2,4주 월요일 및 법정공휴일",37.5543221,126.9242045,Yes,No,No,교육청,
14,서울특별시교육청마포평생학습관아현분관,11,마포구,서울특별시 마포구 마포대로 224,02-362-8785,http://ahyon.sen.go.kr,"평일 : 09:00~20:00, 주말 : 09:00~17:00","2,4주 월요일 및 법정공휴일",37.55416693,126.9573466,No,No,No,교육청,
2767,소금나루도서관,11,마포구,서울특별시 숭문길 72,02-3153-1600,https://mplib.mapo.go.kr/sglib/index.do,"평일 : 09:00~22:00, 주말 : 09:00~20:00","매주 금요일, 법정공휴일",37.5495242956499,126.946234009951,,No,No,자치구,2021년 개관
,마포구립하늘도서관(25년 기준 폐관),,,,,,,,37.5663128370109,126.901615668932,Yes,,,자치구,
108,남가좌새롬어린이도서관,14,서대문구,서울특별시 서대문구 증가로10길 16-15,02-360-8639,http://lib.sdm.or.kr,"평일 : 09:00~18:00, 주말 : 09:00~17:00",매주 월요일 및 법정 공휴일,37.5783399,126.9240451,No,No,No,자치구,
40,서대문구립이진아기념도서관,14,서대문구,서울특별시 서대문구 독립문공원길 80,02-360-8600,http://lib.sdm.or.kr,"평일 : 09:00~18:00, 주말 : 09:00~17:00",매주 월요일 및 법정 공휴일,37.57295407,126.9555492,No,No,No,자치구,
12,서울특별시교육청서대문도서관,14,서대문구,서울특별시 서대문구 모래내로 412,02-6948-2115,http://sdmlib.sen.go.kr,"평일 : 09:00~20:00, 주말 : 09:00~17:00","1,3주 화요일 및 법정공휴일",37.58331954,126.9408583,Yes,No,No,교육청,
1072,홍은도담도서관,14,서대문구,서울특별시 서대문구 홍은중앙로 129,02-360-8640,http://lib.sdm.or.kr/,"평일 : 09:00~18:00, 주말 : 09:00~17:00",매주 금요일,37.60177311,126.9489548,No,No,No,자치구,
1985,방배도서관,7,서초구,서울특별시 서초구 방배로 40,02-3471-3993,https://bangbae.seocholib.or.kr/,"평일 : 09:00~21:00, 주말 : 09:00~18:00","매주 월요일, 법정 공휴일, 임시 공휴일",37.4784386,126.9999959,No,No,No,자치구,
1986,서이도서관,7,서초구,서울특별시 서초구 서초대로70길 51,02-3471-1337,https://seoi.seocholib.or.kr/,"평일 : 09:00~21:00, 주말 : 09:00~18:00","매주 월요일, 법정 공휴일, 임시 공휴일",37.49206882,127.0249474,No,No,No,자치구,
1984,서초구립내곡도서관,7,서초구,서울특별시 서초구 청계산로7길 9-20,02-3461-3007,http://naegok.seocholib.or.kr,"평일 : 09:00~22:00, 주말 : 09:00~18:00","매주 월요일, 법정 공휴일, 임시 공휴일",37.45200429,127.054445,No,No,No,자치구,
2494,서초구립반포도서관,7,서초구,서울특별시 서초구 고무래로 34,02-520-8700,http://www.seocholib.or.kr,"평일 : 09:00~22:00, 주말 : 09:00~18:00","매주 월요일, 법정 공휴일, 임시 공휴일",37.50248627,127.0125127,No,No,No,자치구,
2814,서초구립방배숲환경도서관,7,서초구,서울특별시 서초구 서초대로 160-7 방배동,02-537-6001,https://forest.seocholib.or.kr/,"평일 : 09:00~22:00, 주말 : 09:00~18:00","매주 금요일, 법정 공휴일",37.4889652460814,127.000116239028,,No,No,자치구,2023년 개관
2497,서초구립양재도서관,7,서초구,서울특별시 서초구 양재천로 33,02-3486-4050,https://yangjae.seocholib.or.kr/,"평일 : 09:00~22:00, 주말 : 09:00~20:00","매주 금요일, 법정 공휴일, 임시 공휴일",37.473679184261,127.03357244367,No,No,No,자치구,
2491,서초그림책도서관,7,서초구,서울특별시 서초구 명달로 150,02-3471-0995,https://picturebook.seocholib.or.kr/,"평일 : 09:00~21:00, 주말 : 09:00~18:00","매주 월요일, 법정 공휴일, 임시 공휴일",37.49060375,127.0050971,No,No,No,자치구,
2702,서초청소년도서관,7,서초구,서울특별시 서초구 효령로77길 37,02-3486-9543,https://seocho.seocholib.or.kr/,"평일 : 10:00~22:00, 주말 : 09:00~20:00","매주 화요일, 법정 공휴일, 임시 공휴일",37.4922947174801,127.028158005531,,No,No,자치구,
2141,잠원도서관,7,서초구,서울특별시 서초구 나루터로 38,02-3477-8655,https://jamwon.seocholib.or.kr/,"평일 : 09:00~21:00, 주말 : 09:00~18:00","매주 월요일, 법정 공휴일, 임시 공휴일",37.51496828,127.0139817,No,No,No,자치구,
55,성동구립금호도서관,13,성동구,서울특별시 성동구 난계로 20,02-2204-6450,https://www.sdlib.or.kr/KH,"화~금 07:00~22:00, 토~일 09:00~20:00",매주 월요일 및 법정공휴일,37.55413024,127.0248941,No,No,No,자치구,
26,성동구립도서관,13,성동구,서울특별시 성동구 고산자로10길 9,02-2204-6420,https://www.sdlib.or.kr/SD,화~일 07:00~22:00,매주 월요일 및 법정공휴일,37.55918517,127.0349643,Yes,No,No,자치구,
2703,성동구립매봉산숲속도서관,13,성동구,서울특별시 성동구 매봉길 49-29,02-2204-6485,https://www.sdlib.or.kr/fore,화~일 10:00~20:00,매주 월요일 및 법정공휴일,37.5459069985043,127.010811657225,,No,No,자치구,2020년 개관
2501,성동구립무지개도서관,13,성동구,서울특별시 성동구 고산자로 270,02-2286-6025,https://www.sdlib.or.kr/RB,"월 09:00~18:00, 화~일 09:00~21:00",법정공휴일,37.56342271,127.0369648,No,No,No,자치구,
2502,성동구립성수도서관,13,성동구,서울특별시 성동구 뚝섬로1길 43,02-2204-7590,https://www.sdlib.or.kr/SS,"화~금 08:00~22:00, 토~일 09:00~20:00",매주 월요일 및 법정공휴일,37.54542874,127.0469481,No,No,Yes,자치구,
59,성동구립용답도서관,13,성동구,서울특별시 성동구 용답중앙3길 10,02-2204-6480,https://www.sdlib.or.kr/YD,"화~금 07:00~22:00, 토~일 09:00~20:00",매주 월요일 및 법정공휴일,37.56670257,127.0513055,No,No,No,자치구,
2503,성동구립청계도서관,13,성동구,서울특별시 성동구 마장로 141,02-2204-7580,https://www.sdlib.or.kr/CG,화~일 09:00~20:00,매주 월요일 및 법정공휴일,37.56395923,127.0358722,No,No,No,자치구,
2704,글빛도서관,19,성북구,서울특별시 성북구 길음로7길 20,02-6906-0559,https://www.sblib.seoul.kr/gbitlib/index.do,"평일 : 09:00~18:00, 주말 : 09:00~18:00","매주 월요일 / 일요일을 제외한 법정공휴일, 도서관사정에 의한 임시휴관일",37.6037552097988,127.022203675321,,No,No,자치구,2021년 개관
1077,달빛마루도서관,19,성북구,서울특별시 성북구 종암로 167 104동 2층,02-911-0993,http://dalbit.sblib.seoul.kr,"평일 : 09:00~18:00, 수요일 종합자료실 연장개관 09:00~21:00 주말 : 09:00~18:00","매주 월요일, 법정공휴일",37.60505817,127.0309905,No,No,No,자치구,
2879,보문숲길도서관,19,성북구,서울시 성북구 보문사길 20,02-6953-0279,https://www.sblib.seoul.kr/bmlib/index.do,09:00 ~ 18:00,매주 월요일,37.5849221305375,127.016172054222,,No,No,자치구,2024년 개관
1075,석관동미리내도서관,19,성북구,서울특별시 성북구 한천로66길 203,02-960-5067,http://mirinae.sblib.seoul.kr,"평일 : 09:00~18:00, 주말 : 09:00~18:00","매주 월요일, 법정공휴일",37.6134739565291,127.065492174976,No,No,No,자치구,
2178,성북길빛도서관,19,성북구,서울특별시 성북구 숭인로8길 52,02-6949-0031,https://www.sblib.seoul.kr/gblib,"평일 : 09:00~18:00, 주말 : 09:00~18:00","매주 월요일 / 일요일을 제외한 법정공휴일, 도서관사정에 의한 임시휴관일",37.6099592726924,127.026441403711,No,No,No,자치구,
30,성북정보도서관,19,성북구,서울특별시 성북구 화랑로18자길 13,02-962-1081,http://lib.sblib.seoul.kr,"평일 : 09:00~22:00, 주말 : 09:00~18:00","매월 첫째, 셋째주 월요일, 법정공휴일",37.60497334,127.0505857,No,No,No,자치구,
31,아리랑도서관,19,성북구,서울특별시 성북구 아리랑로 82,02-3291-4990,https://www.sblib.seoul.kr/arlib/index.do,"평일 : 09:00~22:00, 주말 : 09:00~18:00","매월 둘째, 넷째주 월요일",37.6000591720455,127.01392636583,No,No,No,자치구,
2142,아리랑어린이도서관,19,성북구,서울특별시 성북구 아리랑로 75,02-3291-4992,https://www.sblib.seoul.kr/arclib/index.do,"평일 : 09:00~18:00, 주말 : 09:00~18:00","매월 두 번째, 네 번째 월요일",37.59882719,127.0136237,No,No,No,자치구,
1992,월곡꿈그림도서관,19,성북구,서울특별시 성북구 화랑로13길 17 월곡꿈그림도서관,02-6949-1553,www.sblib.seoul.kr/wglib/,"평일, 주말 : 09:00~18:00(수,금 : 09:00~20:00)","월요일,법정공휴일",37.60477383,127.0406257,No,No,No,자치구,
2509,장위행복누림도서관,19,성북구,서울특별시 성북구 장위로21다길53,02-6954-7955,https://www.sblib.seoul.kr/jwlib/,"평일 : 09:00~18:00, 주말 : 09:00~18:00",매주 월요일 및 법정공휴일,37.6157898,127.0435886,No,No,No,자치구,
1384,정릉도서관,19,성북구,서울특별시 성북구 정릉로 242,02-2038-9928,http://jn.sblib.seoul.kr/,"평일 : 09:00~18:00, 주말 : 09:00~18:00","매주 월요일, 법정공휴일",37.60474095,127.0105829,No,No,No,자치구,
2511,종암동새날도서관,19,성북구,서울특별시 성북구 종암로 98-8,02-6925-6920,http://sn.sblib.seoul.kr,"평일 : 09:00~18:00, 주말 : 09:00~18:00","매주 월요일, 법정공휴일",37.5990314,127.035222,No,No,No,자치구,
1387,청수도서관,19,성북구,서울특별시 성북구 보국문로16가길 20,02-2038-4423,http://ch.sblib.seoul.kr/,"평일 : 09:00~18:00, 주말 : 09:00~18:00","매주 월요일 / 일요일을 제외한 법정공휴일, 도서관사정에 의한 임시휴관일",37.61175536,127.0107763,No,No,No,자치구,
1073,해오름도서관,19,성북구,서울특별시 성북구 성북로4길 52,02-6925-7002,https://www.sblib.seoul.kr/horlib/,"평일 : 09:00~18:00, 주말 : 09:00~18:00",매주 월요일 및 법정공휴일,37.59558967,127.0121197,No,No,No,자치구,
1844,가락몰도서관,9,송파구,서울특별시 송파구 양재대로 932 서울시농수산식품공사 가락몰 업무동 4층,"02-3435-0950, 0956",http://www.splib.or.kr,"평일 : 09:00~18:00, 주말 : 09:00~18:00","매주 월요일, 법정공휴일",37.49467422,127.1086491,No,No,No,사립,
54,거마도서관,9,송파구,서울특별시 송파구 거마로2길19,02-449-2332,http://www.splib.or.kr,"평일 : 09:00~22:00, 주말 : 09:00~20:00 어린이자료실: 09:00~18:00'","매주 월요일, 법정공휴일",37.4935326,127.146824,No,No,No,자치구,
1409,돌마리도서관,9,송파구,서울특별시 송파구 백제고분로 37길 16,02-414-7007,http://www.splib.or.kr,"평일 : 09:00~22:00, 주말 : 09:00~18:00","매주 월요일, 법정공휴일",37.50356529,127.1036861,No,No,No,자치구,
23,서울특별시교육청송파도서관,9,송파구,서울특별시 송파구 동남로 263,02-3434-3333,http://splib.sen.go.kr,"평일 : 09:00~20:00, 주말 : 09:00~17:00","2,4주 화요일 및 법정공휴일",37.49999503,127.1348515,Yes,Yes,No,교육청,
887,소나무언덕2호도서관,9,송파구,서울특별시 송파구 석촌호수로 155 잠실3동 자치회관 2관 2층,02-424-0083,http://www.splib.or.kr,"평일 : 09:00~22:00, 주말 : 09:00~18:00","매주 월요일, 법정공휴일",37.5072682,127.0942189,No,No,No,자치구,
888,소나무언덕3호도서관,9,송파구,서울특별시 송파구 성내천로 319 4층,02-443-0130,http://www.splib.or.kr,"평일 : 09:00~22:00, 주말 : 09:00~18:00","매주 월요일, 법정공휴일",37.49233228,127.1566451,No,No,No,자치구,
890,소나무언덕잠실본동도서관,9,송파구,"서울특별시 송파구 탄천동로 205 (잠실빗물펌프장 관사동 1,2층)",02-412-0750,http://www.splib.or.kr,"평일 : 09:00~18:00, 주말 : 09:00~18:00","매주 월요일, 법정공휴일",37.50309253,127.0788491,No,No,No,자치구,
1385,송파글마루도서관,9,송파구,서울특별시 송파구 충민로 120,02-449-8855,http://www.splib.or.kr,"평일 : 09:00~22:00, 주말 : 09:00~20:00 어린이자료실: 09:00~18:00","매주 월요일, 법정공휴일",37.4808353,127.1304785,No,No,Yes,자치구,
111,송파어린이도서관,9,송파구,서울특별시 송파구 올림픽로 105 (잠실동 19-6),02-418-0303,http://www.splib.or.kr,"평일 : 09:00~18:00, 주말 : 09:00~18:00","매주 월요일, 법정공휴일",37.51210257,127.0823945,No,No,No,자치구,
891,송파어린이영어도서관,9,송파구,서울특별시 송파구 오금로 1(신천동) 신천빗물펌프장 4~5층,02-415-3567,http://www.splib.or.kr,"평일 : 09:00~18:00, 주말 : 09:00~18:00","매주 월요일, 법정공휴일",37.5223926038778,127.102983014327,No,No,No,자치구,
1970,송파위례도서관,9,송파구,"서울특별시 송파구 장지동 위례광장로 210 위례동복합청사 4, 5층",02-402-3003,http://www.splib.or.kr,"평일 : 09:00~22:00, 주말 : 09:00~20:00 어린이자료실: 09:00~18:00","매주 월요일, 법정공휴일",37.48116507,127.1439372,No,No,No,자치구,
1843,지샘터올림픽공원도서관,9,송파구,서울특별시 송파구 올림픽로 424(방이동) 스포츠비즈홀 1층,02-2180-3578,https://www.ksponco.or.kr/lib/,"평일 : 09:00~19:00, 주말 : 09:00~18:00","매주 월요일, 법정공휴일",37.51225244,127.1135035,No,No,No,사립,
1408,갈산도서관,2,양천구,서울특별시 양천구 목동남로4길 48-6,02-2645-5919,http://lib.yangcheon.or.kr/,"평일 : 09:00~22:00, 주말 : 09:00~18:00",매주 월요일 및 법정공휴일,37.508861705719,126.867311562837,No,No,No,자치구,
650,개울건강도서관,2,양천구,서울특별시 양천구 중앙로52길 56,02-2603-5919,http://lib.yangcheon.or.kr/,"평일 : 09:00~22:00, 주말 : 09:00~18:00",매주 일요일 및 법정공휴일,37.52597157,126.8565997,No,No,No,자치구,
1412,목마교육도서관,2,양천구,서울특별시 양천구 목동서로 41 목5동주민센터,02-2652-5919,http://lib.yangcheon.or.kr/,"평일 : 09:00~22:00, 주말 : 09:00~18:00",매주 일요일 및 법정공휴일,37.54250898,126.8721113,No,No,No,자치구,
656,미감도서관,2,양천구,서울특별시 양천구 목동중앙남로 57-10(목동) 목사랑시장고객주차장 및 공유센터 3층,02-2653-5919,http://lib.yangcheon.or.kr/,"평일 : 09:00~18:00, 주말 : 09:00~18:00",매주 일요일 및 법정공휴일,37.5389681521143,126.865489157491,No,No,No,자치구,
651,방아다리문학도서관,2,양천구,서울특별시 양천구 화곡로4길 10,02-2604-5919,http://lib.yangcheon.or.kr/,"평일 : 09:00~22:00, 주말 : 09:00~18:00",매주 일요일 및 법정공휴일,37.53858309,126.8271748,No,No,No,자치구,
15,서울특별시교육청양천도서관,2,양천구,서울특별시 양천구 목동서로 113,02-2062-3900,http://yclib.sen.go.kr,"평일 : 09:00~20:00, 주말 : 09:00~17:00","1,3주 목요일 및 법정공휴일",37.53349939,126.8757691,Yes,No,No,교육청,
56,신월음악도서관,2,양천구,서울특별시 양천구 오목로5길 34,02-2691-5919,http://lib.yangcheon.or.kr/,"평일 : 09:00~22:00, 주말 : 09:00~18:00",매주 월요일 및 법정공휴일,37.5246975,126.8400821,No,No,No,자치구,
2714,양천중앙도서관,2,양천구,서울특별시 양천구 신정로7길 81,02-2699-5919,http://lib.yangcheon.or.kr/,"평일 : 09:00~22:00, 주말 : 09:00~18:00",매주 금요일 및 법정공휴일,37.5137253865171,126.833817461636,,No,No,자치구,2021년 개관
1407,영어특성화도서관,2,양천구,서울특별시 양천구 목동동로 81 해누리타운 7층 양천영어도서관 및 영어체험센터,02-2642-5919,http://lib.yangcheon.or.kr/,"평일 : 09:00~22:00, 주말 : 09:00~18:00",매주 일요일 및 법정공휴일,37.5159767,126.8638554,No,No,No,자치구,
1841,해맞이역사도서관,2,양천구,서울특별시 양천구 지양로 37,02-2693-5919,http://lib.yangcheon.or.kr/,"평일 : 09:00~22:00, 주말 : 09:00~18:00",매주 월요일 및 법정공휴일,37.51907269,126.8356052,No,No,No,자치구,
80,대림도서관,3,영등포구,서울특별시 영등포구 도신로 27,02-828-3700,http://www.dllib.or.kr,"평일 : 09:00~22:00, 주말 : 09:00~17:00",매주 월요일 및 법정공휴일,37.50431669,126.8960768,No,No,No,자치구,
102,문래도서관,3,영등포구,서울특별시 영등포구 문래로20길 49,02-2629-8600,http://www.mllib.or.kr,"평일 : 09:00~22:00, 주말 : 09:00~17:00",매주 월요일 및 법정공휴일,37.51685383,126.8908928,No,No,No,자치구,
19,서울특별시교육청영등포평생학습관,3,영등포구,서울특별시 영등포구 버드나루로15길 10,02-6712-7500,http://ydpllc.sen.go.kr,"평일 : 09:00~20:00, 주말 : 09:00~17:00","2,4주 월요일 및 법정공휴일",37.52580934,126.9071819,Yes,No,No,교육청,
109,선유도서관,3,영등포구,서울특별시 영등포구 선유로43가길 10-8,02-2163-0800,http://www.sylib.or.kr,"평일 : 09:00~22:00, 주말 : 09:00~17:00",매주 월요일 및 법정공휴일,37.53333762,126.8929418,No,No,No,자치구,
1388,여의샛강도서관,3,영등포구,서울특별시 영등포구 여의대로 24 전국경제인연합회 후생복지동,02-2629-2222,http://www.yulib.or.kr,"평일 : 09:00~20:00, 주말 : 09:00~17:00",매주 월요일 및 법정공휴일,37.52217929,126.9199164,No,No,No,자치구,
2818,영등포생각공장도서관,3,영등포구,서울특별시 영등포구 문래북로 105 영등포구어울림센터 지상1~3층,02-2069-1893,https://www.ydplib.or.kr/sglib,"평일 : 09:00~20:00, 주말 : 09:00~17:00",매주 월요일 및 법정공휴일,37.5201212421417,126.897195669575,,No,No,자치구,2023년 개관
7,서울특별시교육청남산도서관,12,용산구,서울특별시 용산구 소월로 109,02-754-7338,http://nslib.sen.go.kr,"평일 : 09:00~20:00, 주말 : 09:00~17:00","1,3주 월요일 및 법정공휴일",37.55255227,126.9821555,Yes,Yes,Yes,교육청,카페는 테이크아웃 방식
8,서울특별시교육청용산도서관,12,용산구,서울특별시 용산구 두텁바위로 160,02-6902-7777,http://yslib.sen.go.kr,"평일 : 09:00~20:00, 주말 : 09:00~17:00","2,4주 화요일 및 법정공휴일",37.55200494,126.9801399,Yes,Yes,No,교육청,
2129,용산꿈나무도서관,12,용산구,"서울특별시 용산구 백범로329(원효로1가, 꿈나무타운) 3층",02-707-0138,https://www.yslibrary.or.kr/,"평일 : 09:00~21:00, 주말 : 09:00~17:00",매주 월요일 및 법정 공휴일,37.54189105,126.9684171,No,No,No,자치구,
110,청파도서관,12,용산구,서울특별시 용산구 청파로93길 27(서계동) 1층,02-714-3931,https://www.yslibrary.or.kr/,"평일 : 09:00~21:00, 주말 : 09:00~17:00",매주 월요일 및 법정 공휴일,37.55278347,126.9675304,No,No,No,자치구,
1842,구산동도서관마을,16,은평구,서울특별시 은평구 연서로 13길 29-23,02-357-0100,http://www.gsvlib.or.kr,"평일 : 09:00~22:00, 주말 : 09:00~18:00","매주 월요일, 법정공휴일",37.60950609,126.9130867,No,No,No,자치구,
2113,내를건너서숲으로도서관,16,은평구,서울특별시 은평구 증산로17길 50,02-307-6701~2,http://www.nslib.or.kr,"평일 : 09:00~22:00, 주말 : 09:00~18:00","매주 월요일, 법정공휴일",37.59169634,126.908048,No,No,No,자치구,
1076,상림도서관,16,은평구,서울특별시 은평구 진관4로 48-25 공원관리사무실 내,02-383-7557~8,http://www.eplib.or.kr/intro/lib01.asp,"평일 : 09:00~18:00, 주말 : 09:00~18:00","매주 월요일, 법정공휴일",37.64421437,126.9289416,No,No,No,자치구,
2594,은뜨락도서관,16,은평구,서울특별시 은평구 통일로 972,02-389-7635,http://www.edlib.or.kr,"평일 : 09:00~22:00, 주말 : 09:00~18:00","매주 월요일, 법정공휴일",37.63013935779,126.919931243441,No,No,No,자치구,
38,은평구립도서관,16,은평구,서울특별시 은평구 통일로78가길 13-84,02-385-1671~4,http://www.eplib.or.kr,"평일 : 09:00~22:00, 주말 : 09:00~18:00","매주 월요일, 법정공휴일",37.61897708,126.9282714,Yes,No,No,자치구,
1567,은평뉴타운도서관,16,은평구,서울특별시 은평구 진관2로 111-51,02-6341-6400,http://www.enlib.or.kr,"평일 : 09:00~22:00, 주말 : 09:00~18:00","매주 금요일, 법정공휴일",37.63722997,126.9331171,No,No,No,자치구,
107,응암정보도서관,16,은평구,"서울특별시 은평구 가좌로 179, 2층~3층",02-308-2320,http://www.ealib.or.kr,"평일 : 09:00~18:00, 주말 : 09:00~18:00","매주 금요일, 법정공휴일",37.58596642,126.9196809,No,No,No,자치구,
98,증산정보도서관,16,은평구,서울특별시 은평구 증산로5길 6,02-307-6030,http://www.jsplib.or.kr,"평일 : 09:00~22:00, 주말 : 09:00~18:00","매주 금요일, 법정공휴일",37.58280957,126.9076717,No,No,No,자치구,
64,4.19혁명기념도서관,17,종로구,서울특별시 종로구 새문안로 17,02-730-4190,http://library.419revolution.org,평일 : 08:00~22:00,일요일 및 법정공휴일,37.5675109,126.9655318,No,No,No,사립,
2807,라이브러리피치,17,종로구,"서울특별시 종로구 대학로10길 8 (동숭동), 리브랩 B1-2층",02-6949-0895,,평일 : 13:00~21:00,"매주 토,일,월요일",37.581578271361,127.002617935151,,No,No,사립,2023년 개관
4,서울특별시교육청어린이도서관,17,종로구,서울특별시 종로구 사직로9길 7,02-731-2300,http://childlib.sen.go.kr,"평일 : 09:00~18:00, 주말 : 09:00~17:00","1,3주 월요일 및 법정공휴일",37.57607257,126.9683689,No,No,No,교육청,
5,서울특별시교육청정독도서관,17,종로구,서울특별시 종로구 북촌로5길 48,02-2011-5799,http://jdlib.sen.go.kr,"평일 : 09:00~20:00, 주말 : 09:00~17:00","1,3주 수요일 및 법정공휴일",37.58103147,126.983694,Yes,Yes,No,교육청,
6,서울특별시교육청종로도서관,17,종로구,서울특별시 종로구 사직로9길 15-14,02-721-0707,http://jnlib.sen.go.kr,"평일 : 09:00~20:00, 주말 : 09:00~17:00","2,4주 월요일 및 법정공휴일",37.5764504,126.9664672,Yes,No,Yes,교육청,2024년 재개관
1390,아름꿈도서관,17,종로구,서울특별시 종로구 종로58가길 19,02-2237-6644,http://lib.jongno.go.kr/,"평일 : 10:00~19:00, 주말 : 10:00~19:00","매주 일요일, 1월1일, 설연휴, 추석연휴",37.57261854,127.0169671,No,No,No,자치구,
2603,어린이청소년 국학도서관,17,종로구,서울특별시 종로구 명륜길 26,02-747-8335~6,http://lib.jongno.go.kr,"평일 : 10:00~21:00, 주말 : 10:00~19:00  *동절기(1,2월) 야간 미운영","매주 일요일, 법정공휴일",37.5885021,126.9932172,No,No,No,자치구,
2808,제3의시간,17,종로구,"서울특별시 종로구 대학로10길 8 (동숭동), 리브랩 3-5층",0507-1349-5449,,"평일 : 13:00~18:00, 주말 : 10:00~18:00","매주 월,화요일",37.581578271361,127.002617935151,,No,No,사립,2023년 개관
1410,청운문학도서관,17,종로구,서울특별시 종로구 자하문로36길 40,070-4680-4032-3,http://lib.jongno.go.kr/,"평일 : 10:00~21:00, 주말 : 10:00~19:00  *동절기(1,2월) 야간 미운영","매주 월요일, 1월1일, 설연휴, 추석연휴",37.59037936,126.9659196,No,No,No,자치구,
,서울도서관,,중구,서울특별시 중구 세종대로 110 (태평로1가),,https://lib.seoul.go.kr/,,,37.566370776634,126.977918351844,No,No,No,자치구,
85,가온도서관,15,중구,서울특별시 중구 동호로14길 18,02.2230-2921,https://www.junggulib.or.kr/,"평일 : 09:00~22:00, 주말 : 09:00~22:00",매주 월요일 및 법정공휴일(일요일제외),37.5563848,127.0108371,No,No,No,자치구,
2612,남산타운어린이도서관,15,중구,서울특별시 중구 다산로 32,02-2230-2941,https://www.junggulib.or.kr/,"평일 : 09:00~22:00, 주말 : 09:00~18:00","2.4주 일요일, 1.3.5주 월요일, 법정공휴일",37.54949484,127.0088734,No,No,No,자치구,
2716,다산성곽도서관,15,중구,서울특별시 중구 동호로17길 173,02-2230-2965,https://www.junggulib.or.kr/,"평일 : 09:00~22:00, 주말 : 09:00~22:00",매주 월요일 및 법정공휴일(일요일제외),37.5516333485016,127.004389431374,,No,Yes,자치구,2021년 개관
2768,손기정문화도서관,15,중구,서울특별시 중구 손기정로 101-3,02-2230-2950,https://www.junggulib.or.kr/,"평일 : 09:00~22:00, 주말 : 09:00~22:00",매주 월요일 및 법정공휴일(일요일제외),37.5559207289285,126.964537696454,,No,No,자치구,2021년 재개관
2618,손기정어린이도서관,15,중구,서울특별시 중구 손기정로 101,02-2230-2945,https://www.junggulib.or.kr/,"평일 : 09:00~22:00, 주말 : 09:00~18:00",매주 월요일 및 법정공휴일(일요일 제외),37.5551209,126.9625541,,No,No,자치구,2020년 개관
2715,신당누리도서관,15,중구,서울특별시 중구 다산로 33길 3 1층,02-2230-2960,https://www.junggulib.or.kr/,"평일 : 09:00~22:00, 주말 : 09:00~18:00","매주 일요일, 법정공휴일",37.5620188844565,127.014445018452,,No,No,자치구,2021년 개관
923,어울림도서관,15,중구,서울특별시 중구 다산로38길 66-35,02-2230-2901,https://www.junggulib.or.kr/,"평일 : 09:00~22:00, 주말 : 09:00~22:00",매주 월요일 및 법정공휴일(일요일제외),37.56171915,127.0189284,No,No,No,자치구,
69,한국학생공공도서관대학문화원(구한국학생도서관),15,중구,서울특별시 중구 동호로27길 30,02-2275-0753,http://www.ksplibrary.co.kr/,"평일 : 07:00~21:00, 주말 : 09:00~21:00","설, 추석연휴",37.56070426,127.0021513,No,No,No,사립,
2144,양원숲속도서관,20,중랑구,서울특별시 중랑구 송림길 172(망우동),02-432-0710,http://www.jungnanglib.seoul.kr/ywlib/,"평일 : 09:00~18:00, 주말 : 토:09:00?17:00, 일:10:00~17:00","매주 월요일, 법정공휴일 및 근로자의날(5월1일), 창립기념일(12월1일)",37.60266318,127.1039257,No,No,No,자치구,
29,중랑구립면목정보도서관,20,중랑구,서울특별시 중랑구 면목로 397(면목동),02-432-4123,http://www.jungnanglib.seoul.kr/mmlib/,"평일 : 09:00~22:00(월요일은 09:00~17:00), 주말 : 09:00~17:00","매월 쳇째, 셋째 월요일, 법정공휴일 및 근로자의날(5월1일), 창립기념일(12월1일)",37.58735398,127.0875542,No,No,No,자치구,
28,중랑구립정보도서관,20,중랑구,서울특별시 중랑구 신내로15길 197(묵동),02-3407-1111,http://www.jungnanglib.seoul.kr,"평일 : 09:00~22:00(월요일은 09:00~18:00), 주말 : 09:00~17:00","매월 둘째, 넷째 월요일, 법정공휴일 및 근로자의날(5월1일), 창립기념일(8월12일)",37.61517065,127.0869063,No,No,No,자치구,
2638,중랑상봉도서관,20,중랑구,서울특별시 중랑구 동일로114길 10(상봉동),02-2209-0094,http://www.jungnanglib.seoul.kr/sblib/index.php,"평일 : 09:00~22:00(유아어린이자료실 09:00~18:00, 스마트라운지: 09:00~20:00) 주말 : 09:00~17:00","매주 월요일, 법정공휴일 및 근로자의날(5월1일), 창립기념일(8월12일)",37.5930958,127.0787114,No,No,No,자치구,
1078,중랑숲어린이도서관,20,중랑구,서울특별시 중랑구 망우로73길 46-1(망우동),02-6235-1150,http://www.jungnanglib.seoul.kr/suplib/index.php,"평일 : 09:00~18:00, 주말 : 09:00~17:00","매주 월요일, 법정공휴일 및 근로자의날(5월1일), 창립기념일(12월1일)",37.60266318,127.1039257,No,No,No,자치구,
1688,중화어린이도서관,20,중랑구,서울특별시 중랑구 중랑역로3길 28(중화동),02-494-1846,https://www.jungnanglib.seoul.kr/jhklib/,"평일 : 09:00~18:00, 토요일 : 10:00~17:00","매주 일요일, 법정공휴일 및 근로자의날(5월1일), 창립기념일(8월12일)",37.59504537,127.0747092,,No,No,자치구,